{
  "hash": "90b12f37",
  "configHash": "89bb2f27",
  "lockfileHash": "87976c7b",
  "browserHash": "57d02a3c",
  "optimized": {
    "@angular/common": {
      "src": "../../../../../../node_modules/@angular/common/fesm2022/common.mjs",
      "file": "@angular_common.js",
      "fileHash": "ba2805a7",
      "needsInterop": false
    },
    "@angular/common/http": {
      "src": "../../../../../../node_modules/@angular/common/fesm2022/http.mjs",
      "file": "@angular_common_http.js",
      "fileHash": "d5e27bd5",
      "needsInterop": false
    },
    "@angular/core": {
      "src": "../../../../../../node_modules/@angular/core/fesm2022/core.mjs",
      "file": "@angular_core.js",
      "fileHash": "e26c3c46",
      "needsInterop": false
    },
    "@angular/platform-browser": {
      "src": "../../../../../../node_modules/@angular/platform-browser/fesm2022/platform-browser.mjs",
      "file": "@angular_platform-browser.js",
      "fileHash": "af09510a",
      "needsInterop": false
    },
    "@angular/router": {
      "src": "../../../../../../node_modules/@angular/router/fesm2022/router.mjs",
      "file": "@angular_router.js",
      "fileHash": "22e0b6b0",
      "needsInterop": false
    },
    "@angular/forms": {
      "src": "../../../../../../node_modules/@angular/forms/fesm2022/forms.mjs",
      "file": "@angular_forms.js",
      "fileHash": "8b57bb43",
      "needsInterop": false
    }
  },
  "chunks": {
    "chunk-RBYXBZR3": {
      "file": "chunk-RBYXBZR3.js"
    },
    "chunk-S7THNPP3": {
      "file": "chunk-S7THNPP3.js"
    },
    "chunk-KN6SQWZW": {
      "file": "chunk-KN6SQWZW.js"
    },
    "chunk-B3ZHPNHS": {
      "file": "chunk-B3ZHPNHS.js"
    },
    "chunk-XOTSFRSW": {
      "file": "chunk-XOTSFRSW.js"
    }
  }
}